{
  "per_seed": [
    {
      "seed": 42,
      "seed_dir": "output/paper_full_e5/seed_42",
      "aa": 0.8805333333333333,
      "af": 0.07579999999999998,
      "final_old_task_accuracy": 0.87184,
      "max_memory_mb": 6106.7236328125,
      "mean_epoch_time_sec": 181.6917647113694,
      "mean_batch_latency_ms": 547.9386952462423,
      "final_ood_auroc": 0.8132297777777777,
      "final_ood_fpr_at_95tpr": 0.7256666666666667
    },
    {
      "seed": 43,
      "seed_dir": "output/paper_full_e5/seed_43",
      "aa": 0.8654999999999999,
      "af": 0.07431999999999998,
      "final_old_task_accuracy": 0.8542,
      "max_memory_mb": 6114.13134765625,
      "mean_epoch_time_sec": 181.9433894722315,
      "mean_batch_latency_ms": 548.8783783427765,
      "final_ood_auroc": 0.7884824444444444,
      "final_ood_fpr_at_95tpr": 0.867
    },
    {
      "seed": 44,
      "seed_dir": "output/paper_full_e5/seed_44",
      "aa": 0.8592666666666666,
      "af": 0.08584000000000003,
      "final_old_task_accuracy": 0.85612,
      "max_memory_mb": 6110.08251953125,
      "mean_epoch_time_sec": 181.33619097867052,
      "mean_batch_latency_ms": 546.9809540729804,
      "final_ood_auroc": 0.7831474444444444,
      "final_ood_fpr_at_95tpr": 0.7457777777777778
    }
  ],
  "aggregate": {
    "num_seeds": 3,
    "aa_mean": 0.8684333333333333,
    "aa_std": 0.008926406933404992,
    "af_mean": 0.07865333333333334,
    "af_std": 0.005117534128421204,
    "mean_acc_matrix_path": "output/paper_full_e5/mean_acc_matrix.npy",
    "std_acc_matrix_path": "output/paper_full_e5/std_acc_matrix.npy",
    "final_old_task_accuracy_mean": 0.86072,
    "final_old_task_accuracy_std": 0.007901999746899504,
    "max_memory_mb_mean": 6110.3125,
    "max_memory_mb_std": 3.0285560986035764,
    "mean_epoch_time_sec_mean": 181.65711505409047,
    "mean_epoch_time_sec_std": 0.24909563318511851,
    "mean_batch_latency_ms_mean": 547.9326758873331,
    "mean_batch_latency_ms_std": 0.7746319080329356,
    "final_ood_auroc_mean": 0.7949532222222221,
    "final_ood_auroc_std": 0.013105721866967913,
    "final_ood_fpr_at_95tpr_mean": 0.7794814814814814,
    "final_ood_fpr_at_95tpr_std": 0.06242719765341633,
    "plot_paths": {
      "task_accuracy_curves": "output/paper_full_e5/task_accuracy_curves.png",
      "aa_af_progression": "output/paper_full_e5/aa_af_progression.png",
      "accuracy_heatmap": "output/paper_full_e5/accuracy_heatmap.png",
      "max_memory_allocated": "output/paper_full_e5/max_memory_allocated.png",
      "accuracy_on_old_tasks": "output/paper_full_e5/accuracy_on_old_tasks.png",
      "time_per_epoch_latency": "output/paper_full_e5/time_per_epoch_latency.png",
      "ood_metrics": "output/paper_full_e5/ood_metrics.png"
    }
  }
}