{
  "per_seed": [
    {
      "seed": 42,
      "seed_dir": "output/paper_der_wa_e5/seed_42",
      "aa": 0.8381333333333333,
      "af": 0.16192,
      "final_old_task_accuracy": 0.8111599999999999,
      "max_memory_mb": 6109.77880859375,
      "mean_epoch_time_sec": 258.4837772181335,
      "mean_batch_latency_ms": 1014.6149377606497,
      "final_ood_auroc": 0.6769855555555556,
      "final_ood_fpr_at_95tpr": 0.8783333333333333
    },
    {
      "seed": 43,
      "seed_dir": "output/paper_der_wa_e5/seed_43",
      "aa": 0.8010333333333334,
      "af": 0.19340000000000002,
      "final_old_task_accuracy": 0.76604,
      "max_memory_mb": 6111.6591796875,
      "mean_epoch_time_sec": 139.7822888921985,
      "mean_batch_latency_ms": 578.9073465446668,
      "final_ood_auroc": 0.7255266666666668,
      "final_ood_fpr_at_95tpr": 0.8562222222222222
    },
    {
      "seed": 44,
      "seed_dir": "output/paper_der_wa_e5/seed_44",
      "aa": 0.7993333333333333,
      "af": 0.20628000000000002,
      "final_old_task_accuracy": 0.765,
      "max_memory_mb": 6109.82275390625,
      "mean_epoch_time_sec": 134.38537841026553,
      "mean_batch_latency_ms": 546.0152004593343,
      "final_ood_auroc": 0.7714067777777778,
      "final_ood_fpr_at_95tpr": 0.7225555555555555
    }
  ],
  "aggregate": {
    "num_seeds": 3,
    "aa_mean": 0.8128333333333333,
    "aa_std": 0.017903258548841477,
    "af_mean": 0.18720000000000003,
    "af_std": 0.01863298866705679,
    "mean_acc_matrix_path": "output/paper_der_wa_e5/mean_acc_matrix.npy",
    "std_acc_matrix_path": "output/paper_der_wa_e5/std_acc_matrix.npy",
    "final_old_task_accuracy_mean": 0.7807333333333334,
    "final_old_task_accuracy_std": 0.0215190912654063,
    "max_memory_mb_mean": 6110.420247395833,
    "max_memory_mb_std": 0.8762411065163493,
    "mean_epoch_time_sec_mean": 177.55048150686585,
    "mean_epoch_time_sec_std": 57.27087931752124,
    "mean_batch_latency_ms_mean": 713.179161588217,
    "mean_batch_latency_ms_std": 213.56984600832965,
    "final_ood_auroc_mean": 0.7246396666666667,
    "final_ood_auroc_std": 0.038552404838389044,
    "final_ood_fpr_at_95tpr_mean": 0.8190370370370371,
    "final_ood_fpr_at_95tpr_std": 0.06881730649716958,
    "plot_paths": {
      "task_accuracy_curves": "output/paper_der_wa_e5/task_accuracy_curves.png",
      "aa_af_progression": "output/paper_der_wa_e5/aa_af_progression.png",
      "accuracy_heatmap": "output/paper_der_wa_e5/accuracy_heatmap.png",
      "max_memory_allocated": "output/paper_der_wa_e5/max_memory_allocated.png",
      "accuracy_on_old_tasks": "output/paper_der_wa_e5/accuracy_on_old_tasks.png",
      "time_per_epoch_latency": "output/paper_der_wa_e5/time_per_epoch_latency.png",
      "ood_metrics": "output/paper_der_wa_e5/ood_metrics.png"
    }
  }
}