{
  "per_seed": [
    {
      "seed": 42,
      "seed_dir": "output/paper_moe_ood_op_e5/seed_42",
      "aa": 0.8510999999999999,
      "af": 0.14331999999999998,
      "final_old_task_accuracy": 0.8263199999999999,
      "max_memory_mb": 3683.92578125,
      "mean_epoch_time_sec": 280.98201548346844,
      "mean_batch_latency_ms": 1097.7192009476203,
      "final_ood_auroc": 0.7767478888888889,
      "final_ood_fpr_at_95tpr": 0.7552222222222222
    },
    {
      "seed": 43,
      "seed_dir": "output/paper_moe_ood_op_e5/seed_43",
      "aa": 0.8335666666666667,
      "af": 0.15271999999999997,
      "final_old_task_accuracy": 0.8056800000000001,
      "max_memory_mb": 3674.1279296875,
      "mean_epoch_time_sec": 272.2828056569686,
      "mean_batch_latency_ms": 1057.4969523835205,
      "final_ood_auroc": 0.77483,
      "final_ood_fpr_at_95tpr": 0.8437777777777777
    },
    {
      "seed": 44,
      "seed_dir": "output/paper_moe_ood_op_e5/seed_44",
      "aa": 0.8103666666666666,
      "af": 0.18587999999999996,
      "final_old_task_accuracy": 0.77984,
      "max_memory_mb": 3677.61474609375,
      "mean_epoch_time_sec": 277.45810690473496,
      "mean_batch_latency_ms": 1081.0947484116948,
      "final_ood_auroc": 0.8015474444444444,
      "final_ood_fpr_at_95tpr": 0.6317777777777778
    }
  ],
  "aggregate": {
    "num_seeds": 3,
    "aa_mean": 0.8316777777777777,
    "aa_std": 0.016682866201326366,
    "af_mean": 0.16063999999999998,
    "af_std": 0.018255285992464388,
    "mean_acc_matrix_path": "output/paper_moe_ood_op_e5/mean_acc_matrix.npy",
    "std_acc_matrix_path": "output/paper_moe_ood_op_e5/std_acc_matrix.npy",
    "final_old_task_accuracy_mean": 0.8039466666666667,
    "final_old_task_accuracy_std": 0.019014922794712803,
    "max_memory_mb_mean": 3678.55615234375,
    "max_memory_mb_std": 4.054968812527023,
    "mean_epoch_time_sec_mean": 276.907642681724,
    "mean_epoch_time_sec_std": 3.572704022350497,
    "mean_batch_latency_ms_mean": 1078.7703005809453,
    "mean_batch_latency_ms_std": 16.502719234042708,
    "final_ood_auroc_mean": 0.7843751111111111,
    "final_ood_auroc_std": 0.012167890765750724,
    "final_ood_fpr_at_95tpr_mean": 0.7435925925925927,
    "final_ood_fpr_at_95tpr_std": 0.08693843114139939,
    "plot_paths": {
      "task_accuracy_curves": "output/paper_moe_ood_op_e5/task_accuracy_curves.png",
      "aa_af_progression": "output/paper_moe_ood_op_e5/aa_af_progression.png",
      "accuracy_heatmap": "output/paper_moe_ood_op_e5/accuracy_heatmap.png",
      "max_memory_allocated": "output/paper_moe_ood_op_e5/max_memory_allocated.png",
      "accuracy_on_old_tasks": "output/paper_moe_ood_op_e5/accuracy_on_old_tasks.png",
      "time_per_epoch_latency": "output/paper_moe_ood_op_e5/time_per_epoch_latency.png",
      "ood_metrics": "output/paper_moe_ood_op_e5/ood_metrics.png"
    }
  }
}